vent_id,scene_id,observed,date,plume_latitude,plume_longitude,plume_id,emission_auto,emission_uncertainty_auto,qc_missing,qc_qc,qc
1,ang20221011t171034,True,2022-10-11,,,,0.0,50.0,none,,fail
1,ang20221009t162340,True,2022-10-09,,,,0.0,50.0,none,,fail
1,ang20221003t181100,True,2022-10-03,,,,0.0,50.0,none,,fail
1,ang20221003t160932,True,2022-10-03,,,,0.0,50.0,none,,fail
2,ang20221103t164406,True,2022-11-03,,,,0.0,50.0,none,,fail
2,ang20221011t171034,True,2022-10-11,,,,0.0,50.0,none,,fail
2,ang20221011t165806,True,2022-10-11,,,,0.0,50.0,none,,fail
2,ang20221009t162340,True,2022-10-09,,,,0.0,50.0,none,,fail
2,ang20221003t181100,True,2022-10-03,,,,0.0,50.0,none,,fail
2,GAO20210813t152451p0000,True,2021-08-13,39.844464,-80.599233,GAO20210813t152451p0000-B,1190.557142518934,42.05687259341316,,pass,pass
4,ang20221024t174902,True,2022-10-24,,,,0.0,50.0,none,,fail
4,ang20221009t181144,True,2022-10-09,,,,0.0,50.0,none,,fail
4,GAO20210521t155242p0000,True,2021-05-21,39.87926627,-80.17072068,GAO20210521t155242p0000-A,376.9250474311311,103.28386141084748,,pass,pass
4,GAO20210515t144158p0000,True,2021-05-15,,,,0.0,50.0,none,,fail
4,GAO20210514t132657p0000,True,2021-05-14,,,,0.0,50.0,none,,fail
5,ang20221011t184153,True,2022-10-11,,,,0.0,50.0,none,,fail
5,GAO20210813t141544p0000,True,2021-08-13,39.76801,-80.375778,GAO20210813t141544p0000-A,4308.48992729634,1966.7089386697096,,pass,pass
5,GAO20210813t140412p0000,True,2021-08-13,39.768,-80.3758,GAO20210813t140412p0000-A,5052.420040269179,1764.8272966668528,,pass,pass
5,GAO20210531t123731p0000,True,2021-05-31,39.76805982,-80.37584973,GAO20210531t123731p0000-A,2184.734858660397,1669.5605869639146,,pass,pass
5,GAO20210521t131640p0001,True,2021-05-21,39.76800616,-80.37576023,GAO20210521t131640p0001-3,6015.8591568887805,1944.6189243571816,,pass,pass
6,ang20221024t174902,True,2022-10-24,39.773642,-80.215336,ang20221024t174902-A,892.438070196834,322.2410687642522,,pass,pass
6,ang20221009t181144,True,2022-10-09,39.773482,-80.215688,ang20221009t181144-C,1168.4390106035194,349.42341685693134,,pass,pass
6,GAO20210813t141544p0000,True,2021-08-13,39.773911,-80.215555,GAO20210813t141544p0000-B,2426.417246051736,898.0558008557,,pass,pass
6,GAO20210813t140412p0000,True,2021-08-13,39.77384,-80.215674,GAO20210813t140412p0000-B,2724.2190606137106,432.7753256678337,,pass,pass
6,GAO20210521t151830p0000,True,2021-05-21,39.77392663,-80.21556285,GAO20210521t151830p0000-2,3496.310962211733,636.3037035805892,,pass,pass
8,ang20221103t161828,True,2022-11-03,,,,0.0,50.0,none,,fail
8,ang20221011t181926,True,2022-10-11,,,,0.0,50.0,none,,fail
8,GAO20210521t144353p0000,True,2021-05-21,40.09551565,-80.29757993,GAO20210521t144353p0000-1,838.8759483659754,261.3903394467223,,pass,pass
8,GAO20210515t140819p0000,True,2021-05-15,40.095483,-80.297741,GAO20210515t140819p0000-1,530.2028732021786,192.07953001155883,,pass,pass
8,GAO20210515t135940p0000,True,2021-05-15,40.095568,-80.297824,GAO20210515t135940p0000-1,531.5814716377391,360.9637273687206,,pass,pass
8,GAO20210513t152129p0000,True,2021-05-13,40.095326,-80.297701,GAO20210513t152129p0000-2,583.4227393510638,368.83108851350073,,pass,pass
8,GAO20210513t150800p0000,True,2021-05-13,40.095272,-80.298046,GAO20210513t150800p0000-2,1585.1036141567877,521.921805807573,,pass,pass
9,ang20221103t161828,True,2022-11-03,,,,0.0,50.0,none,,fail
9,ang20221011t181926,True,2022-10-11,,,,0.0,50.0,none,,fail
9,GAO20210521t142744p0000,True,2021-05-21,40.06113858,-80.31480446,GAO20210521t142744p0000-A,926.067000954547,407.39999072987183,,pass,pass
9,GAO20210515t135940p0000,True,2021-05-15,40.06139311,-80.31483654,GAO20210515t135940p0000-A,186.9118570643565,63.04256188601249,,pass,pass
9,GAO20210513t150800p0000,True,2021-05-13,40.061149,-80.314838,GAO20210513t150800p0000-3,366.1834238114696,210.30211984494133,,pass,pass
10,ang20221011t180824,True,2022-10-11,40.057056,-80.365435,ang20221011t180824-A,1448.8205177778798,133.3842949360053,,pass,pass
10,ang20221011t175725,True,2022-10-11,40.057049,-80.365432,ang20221011t175725-A,2102.341317197813,897.8390340539291,,pass,pass
10,GAO20210521t135234p0000,True,2021-05-21,,,,0.0,50.0,none,,fail
10,GAO20210515t134113p0000,True,2021-05-15,,,,0.0,50.0,none,,fail
10,GAO20210513t143909p0000,True,2021-05-13,,,,0.0,50.0,none,,fail
11,ang20221103t161828,True,2022-11-03,40.0348582,-80.32690447,ang20221103t161828-A,371.9904030002901,99.17812866695613,,pass,pass
11,ang20221103t161828,True,2022-11-03,40.03501,-80.326954,ang20221103t161828-F,374.287632191406,113.8568549936447,,pass,pass
11,ang20221011t181926,True,2022-10-11,40.035002,-80.326803,ang20221011t181926-A,1863.30494026194,225.84214786785947,,pass,pass
11,GAO20210521t140904p0000,True,2021-05-21,40.035,-80.327,GAO20210521t140904p0000-1,6327.52993440458,3009.034716022515,,pass,pass
11,GAO20210515t135117p0000,True,2021-05-15,40.035,-80.3271,GAO20210515t135117p0000-1,2197.1505596290854,230.629467693082,,pass,pass
11,GAO20210513t145258p0000,True,2021-05-13,40.034756,-80.32719,GAO20210513t145258p0000-3,2193.3345490691936,882.9119005430061,,pass,pass
12,ang20221024t182326,True,2022-10-24,39.997661,-80.225097,ang20221024t182326-A,3052.0364424492013,505.51584912112304,,pass,pass
12,ang20221009t184703,True,2022-10-09,39.997528,-80.225972,ang20221009t184703-B,4282.682246572186,2303.8355268570613,,pass,pass
12,GAO20210521t151830p0000,True,2021-05-21,,,,0.0,50.0,none,,fail
12,GAO20210515t142544p0000,True,2021-05-15,,,,0.0,50.0,none,,fail
12,GAO20210514t125900p0000,True,2021-05-14,,,,0.0,50.0,none,,fail
12,GAO20210513t155053p0000,True,2021-05-13,,,,0.0,50.0,none,,fail
13,GAO20210521t144353p0000,True,2021-05-21,40.021445,-80.274164,GAO20210521t144353p0000-2,2148.373998965661,322.5124758425839,,pass,pass
13,GAO20210515t140819p0000,True,2021-05-15,40.021655,-80.273769,GAO20210515t140819p0000-2,1364.3952970756952,305.7831734000976,,pass,pass
13,GAO20210513t152129p0000,True,2021-05-13,40.021496,-80.273984,GAO20210513t152129p0000-3,1233.4469103085803,906.0972179586292,,pass,pass
14,ang20221011t174609,True,2022-10-11,39.813094,-80.517325,ang20221011t174609-A,1293.645689224823,246.83368368925127,,pass,pass
14,ang20221003t174156,True,2022-10-03,39.813266,-80.517153,ang20221003t174156-A,1923.910871920467,904.8232370482152,,pass,pass
14,GAO20210813t143551p0000,True,2021-08-13,,,,0.0,50.0,none,,fail
14,GAO20210813t142433p0000,True,2021-08-13,,,,0.0,50.0,none,,fail
15,ang20221103t163129,True,2022-11-03,39.89810935,-80.43254481,ang20221103t163129-B,317.29604478357794,96.17699770061525,,pass,pass
15,ang20221011t180824,True,2022-10-11,39.898097,-80.432546,ang20221011t180824-B,1218.5075143772708,105.39148163217064,,pass,pass
15,ang20221011t175725,True,2022-10-11,39.897913,-80.432627,ang20221011t175725-D,1251.1699201013662,207.2058286588986,,pass,pass
15,ang20221003t175331,True,2022-10-03,39.898095,-80.432551,ang20221003t175331-B,558.0648703866437,209.254608000136,,pass,pass
15,GAO20210813t144619p0000,True,2021-08-13,39.89808618,-80.43248492,GAO20210813t144619p0000-A,1633.4950370516742,389.6451132175048,,pass,pass
15,GAO20210521t131640p0000,True,2021-05-21,,,,0.0,50.0,none,,fail
15,GAO20210515t132309p0000,True,2021-05-15,39.89792637,-80.43236256,GAO20210515t132309p0000-B,647.6371808018365,156.16627712602786,,pass,pass
15,GAO20210513t141020p0000,True,2021-05-13,39.8980777,-80.43252948,GAO20210513t141020p0000-A,274.1251248418886,60.054312319625424,,pass,pass
16,ang20221103t163129,True,2022-11-03,39.87217799,-80.44563044,ang20221103t163129-A,373.6878104936832,77.97008205832589,,pass,pass
16,ang20221103t153837,True,2022-11-03,39.87210932,-80.44575354,ang20221103t153837-F,357.9991424335184,90.80223615973584,,pass,pass
16,ang20221011t180824,True,2022-10-11,39.872093,-80.445636,ang20221011t180824-C,1027.6299769736788,392.7292964322882,,pass,pass
16,ang20221011t175725,True,2022-10-11,39.872054,-80.445552,ang20221011t175725-E,818.3785717125893,225.0183335349213,,pass,pass
16,ang20221003t175331,True,2022-10-03,39.872157,-80.445674,ang20221003t175331-C,1855.722544436651,894.2181783625708,,pass,pass
16,ang20221003t160932,True,2022-10-03,39.872244,-80.445557,ang20221003t160932-D,1439.35712770772,487.04467555387447,,pass,pass
16,GAO20210813t144305p0000,True,2021-08-13,39.8721564,-80.445678,GAO20210813t144305p0000-B,1454.6095301863131,370.1275728453146,,pass,pass
17,ang20221103t163129,True,2022-11-03,39.86064518,-80.42261951,ang20221103t163129-D,405.012418877712,243.7150265130972,,pass,pass
17,ang20221103t153837,True,2022-11-03,39.86064399,-80.42252199,ang20221103t153837-G,217.86279719381383,102.9246204129207,,pass,pass
17,ang20221011t180824,True,2022-10-11,39.86066281,-80.42256164,ang20221011t180824-E,583.5916117863817,98.95731148727,,pass,pass
17,ang20221003t160932,True,2022-10-03,39.86066544,-80.42248818,ang20221003t160932-H,656.147711856946,261.1263560980525,,pass,pass
17,GAO20210813t143918p0000,True,2021-08-13,39.860619,-80.422612,GAO20210813t143918p0000-D,1185.8915438853976,524.5267613359638,,pass,pass
17,GAO20210513t141020p0000,True,2021-05-13,39.8606,-80.4225,GAO20210513t141020p0000-3,683.7569432699464,329.76385909677094,,pass,pass
18,ang20221103t153837,True,2022-11-03,39.861586,-80.405693,ang20221103t153837-N,128.05362554218897,17.618630198543123,,pass,pass
18,ang20221011t181926,True,2022-10-11,39.86165768,-80.40570804,ang20221011t181926-E,232.31607814369343,93.40289718733447,,pass,pass
18,ang20221003t160932,True,2022-10-03,39.86161276,-80.40567273,ang20221003t160932-I,754.6165349149759,152.30780956697987,,pass,pass
18,GAO20210813t144305p0000,True,2021-08-13,,,,0.0,50.0,none,,fail
18,GAO20210813t143918p0000,True,2021-08-13,,,,0.0,50.0,none,,fail
19,ang20221103t161828,True,2022-11-03,39.85932057,-80.40010801,ang20221103t161828-B,1364.767098280708,664.6958390750835,,pass,pass
19,ang20221103t153837,True,2022-11-03,39.85929383,-80.40007884,ang20221103t153837-H,739.3044987147339,134.24412036668096,,pass,pass
19,ang20221103t153837,True,2022-11-03,39.85918,-80.399982,ang20221103t153837-M,704.5860143062375,69.06168950010604,,pass,pass
19,ang20221011t181926,True,2022-10-11,39.859218,-80.400108,ang20221011t181926-C,2245.3952703341624,806.4268130290633,,pass,pass
19,ang20221003t160932,True,2022-10-03,39.859337,-80.399861,ang20221003t160932-F,2898.089223587704,405.6018207908267,,pass,pass
19,GAO20210813t143918p0000,True,2021-08-13,39.859284,-80.400166,GAO20210813t143918p0000-A,1895.702357750789,702.0167682591198,,pass,pass
19,GAO20210521t131640p0001,True,2021-05-21,39.85936094,-80.4001275,GAO20210521t131640p0001-2,1440.3287065448071,623.2904166220982,,pass,pass
19,GAO20210515t133138p0000,True,2021-05-15,39.85931,-80.400195,GAO20210515t133138p0000-4,894.1896943396205,656.1518871066031,,pass,pass
19,GAO20210513t142329p0000,True,2021-05-13,39.8592,-80.4,GAO20210513t142329p0000-3,2380.2433645653205,452.0166813943106,,pass,pass
19,GAO20210513t141020p0000,True,2021-05-13,39.8592,-80.4002,GAO20210513t141020p0000-6,1837.046625918709,378.3896719698415,,pass,pass
20,ang20221103t155207,True,2022-11-03,39.950496,-80.25505,ang20221103t155207-J,485.6087034629075,91.5156624451686,,pass,pass
20,ang20221024t183453,True,2022-10-24,39.95027547,-80.25476475,ang20221024t183453-H,600.9122841406386,197.6586993755212,,pass,pass
20,ang20221024t182326,True,2022-10-24,39.95027629,-80.25473877,ang20221024t182326-G,487.70722124623256,44.61603447519259,,pass,pass
20,ang20221009t185838,True,2022-10-09,39.95034376,-80.2548552,ang20221009t185838-C,1432.5992687576893,148.57391023034472,,pass,pass
20,ang20221009t184703,True,2022-10-09,39.95027721,-80.25478501,ang20221009t184703-I,916.004208709542,297.0680732244944,,pass,pass
20,GAO20210521t150211p0000,True,2021-05-21,,,,0.0,50.0,none,,fail
20,GAO20210515t141643p0000,True,2021-05-15,,,,0.0,50.0,none,,fail
20,GAO20210513t153658p0000,True,2021-05-13,,,,0.0,50.0,none,,fail
21,ang20221011t184153,True,2022-10-11,39.953889,-80.307139,ang20221011t184153-C,3225.7696768082446,303.06467260167864,,pass,pass
21,GAO20210521t142744p0000,True,2021-05-21,39.953811,-80.307148,GAO20210521t142744p0000-5,647.9714545590833,357.5100282256068,,pass,pass
21,GAO20210515t135940p0000,True,2021-05-15,39.953741,-80.307265,GAO20210515t135940p0000-5,516.5005152059545,141.43818624955708,,pass,pass
21,GAO20210513t150800p0000,True,2021-05-13,39.953897,-80.307549,GAO20210513t150800p0000-6,823.4065617773414,410.4600787459916,,pass,pass
22,ang20221103t160514,True,2022-11-03,,,,0.0,50.0,none,,fail
22,ang20221011t183044,True,2022-10-11,39.94332156,-80.32043025,ang20221011t183044-C,696.8426609169438,233.6317942687704,,pass,pass
22,GAO20210521t140904p0000,True,2021-05-21,,,,0.0,50.0,none,,fail
22,GAO20210515t135940p0000,True,2021-05-15,,,,0.0,50.0,none,,fail
22,GAO20210515t135117p0000,True,2021-05-15,,,,0.0,50.0,none,,fail
22,GAO20210513t150800p0000,True,2021-05-13,,,,0.0,50.0,none,,fail
22,GAO20210513t145258p0000,True,2021-05-13,,,,0.0,50.0,none,,fail
23,ang20221103t161828,True,2022-11-03,,,,0.0,50.0,none,,fail
23,ang20221011t181926,True,2022-10-11,,,,0.0,50.0,none,,fail
23,GAO20210521t135234p0000,True,2021-05-21,39.96403869,-80.36320889,GAO20210521t135234p0000-2,3841.789755770424,1688.6345623958368,,pass,pass
23,GAO20210515t134113p0000,True,2021-05-15,39.9643,-80.3631,GAO20210515t134113p0000-2,1220.707416549126,248.8168207616849,,pass,pass
23,GAO20210513t143909p0000,True,2021-05-13,39.964346,-80.36317,GAO20210513t143909p0000-3,3724.338058140219,1582.9036399179145,,pass,pass
25,ang20221011t174609,True,2022-10-11,,,,0.0,50.0,none,,fail
25,ang20221003t174156,True,2022-10-03,,,,0.0,50.0,none,,fail
25,GAO20210521t131640p0001,True,2021-05-21,40.09643625,-80.39699509,GAO20210521t131640p0001-1,602.1704106118625,170.11170112631464,,pass,pass
25,GAO20210515t133138p0000,True,2021-05-15,40.0963,-80.3971,GAO20210515t133138p0000-1,239.7529166158836,36.32573938133662,,pass,pass
25,GAO20210513t142329p0000,True,2021-05-13,40.0963,-80.3971,GAO20210513t142329p0000-2,547.590600376108,249.1170702102886,,pass,pass
26,ang20221024t182326,True,2022-10-24,39.954191,-80.248382,ang20221024t182326-B,3362.590040704169,455.3069720186599,,pass,pass
26,ang20221009t184703,True,2022-10-09,39.954348,-80.248214,ang20221009t184703-A,3522.520377885004,1279.8940510964317,,pass,pass
26,GAO20210521t150211p0000,True,2021-05-21,39.954233,-80.248388,GAO20210521t150211p0000-1,1441.3567264620483,421.42726870020033,,pass,pass
26,GAO20210515t141643p0000,True,2021-05-15,39.9543,-80.2482,GAO20210515t141643p0000-1,1143.8381959523565,494.0617050779637,,pass,pass
26,GAO20210513t153658p0000,True,2021-05-13,39.954369,-80.248318,GAO20210513t153658p0000-4,1470.5461138158971,1386.3487146487591,,pass,pass
27,ang20221103t161828,True,2022-11-03,,,,0.0,50.0,none,,fail
27,ang20221103t153837,True,2022-11-03,39.85682059,-80.4085442,ang20221103t153837-L,93.26674691935176,36.995307342049074,,pass,pass
27,ang20221011t181926,True,2022-10-11,,,,0.0,50.0,none,,fail
27,ang20221003t160932,True,2022-10-03,,,,0.0,50.0,none,,fail
27,GAO20210813t143918p0000,True,2021-08-13,39.856645,-80.408475,GAO20210813t143918p0000-B,778.0835523352644,193.29284785280203,,pass,pass
27,GAO20210513t141020p0000,True,2021-05-13,39.8566,-80.4086,GAO20210513t141020p0000-5,365.19732732256455,73.72206849140842,,pass,pass
28,ang20221011t174609,True,2022-10-11,,,,0.0,50.0,none,,fail
28,ang20221003t174156,True,2022-10-03,,,,0.0,50.0,none,,fail
28,GAO20210521t135234p0000,True,2021-05-21,40.11392894,-80.38258315,GAO20210521t135234p0000-1,605.409674151431,246.35130334182423,,pass,pass
28,GAO20210521t131640p0001,True,2021-05-21,40.11402222,-80.38243556,GAO20210521t131640p0001-A,590.1952576576716,339.59206371136844,,pass,pass
28,GAO20210515t134113p0000,True,2021-05-15,40.114215,-80.38264,GAO20210515t134113p0000-1,191.73528884465856,87.69362749632994,,pass,pass
28,GAO20210515t133138p0000,True,2021-05-15,40.114201,-80.382473,GAO20210515t133138p0000-2,369.4610527418856,79.83803797762074,,pass,pass
28,GAO20210513t143909p0000,True,2021-05-13,40.113869,-80.382433,GAO20210513t143909p0000-1,614.2543084954264,194.3601004272005,,pass,pass
28,GAO20210513t142329p0000,True,2021-05-13,40.113784,-80.382594,GAO20210513t142329p0000-1,297.79486583018576,129.30043935612906,,pass,pass
29,ang20221011t171034,True,2022-10-11,40.075533,-80.495908,ang20221011t171034-D,1657.7471525778012,362.1801367450354,,pass,pass
29,ang20221011t165806,True,2022-10-11,40.07545,-80.496309,ang20221011t165806-B,2240.205496483147,278.8650076006673,,pass,pass
29,ang20221009t162340,True,2022-10-09,40.075429,-80.496219,ang20221009t162340-A,2085.596265287548,407.088907916756,,pass,pass
29,ang20221003t181100,True,2022-10-03,40.075688,-80.496049,ang20221003t181100-B,2494.0869715001386,574.160510723436,,pass,pass
30,ang20221103t164406,True,2022-11-03,40.08941745,-80.48906434,ang20221103t164406-B,159.36445867003124,96.45597286418229,,pass,pass
30,ang20221011t171034,True,2022-10-11,40.089446,-80.489167,ang20221011t171034-E,561.5239072803622,122.06090437666349,,pass,pass
30,ang20221011t165806,True,2022-10-11,40.089406,-80.489464,ang20221011t165806-A,1050.1301967535433,266.5092597330016,,pass,pass
30,ang20221009t162340,True,2022-10-09,40.089367,-80.489318,ang20221009t162340-B,904.7810501661996,181.2568530429116,,pass,pass
30,ang20221003t181100,True,2022-10-03,40.089586,-80.489074,ang20221003t181100-A,864.1074854085595,369.6667962876367,,pass,pass
31,ang20221024t180037,True,2022-10-24,,,,0.0,50.0,none,,fail
31,ang20221009t182331,True,2022-10-09,,,,0.0,50.0,none,,fail
31,GAO20210521t153629p0000,True,2021-05-21,,,,0.0,50.0,none,,fail
31,GAO20210514t131258p0000,True,2021-05-14,,,,0.0,50.0,none,,fail
33,ang20221024t180037,True,2022-10-24,39.798945,-80.236252,ang20221024t180037-B,503.9586654460493,106.27270324242194,,pass,pass
33,ang20221009t182331,True,2022-10-09,,,,0.0,50.0,none,,fail
33,GAO20210813t142433p0000,True,2021-08-13,,,,0.0,50.0,none,,fail
33,GAO20210813t141544p0000,True,2021-08-13,,,,0.0,50.0,none,,fail
33,GAO20210521t150211p0000,True,2021-05-21,,,,0.0,50.0,none,,fail
33,GAO20210515t141643p0000,True,2021-05-15,,,,0.0,50.0,none,,fail
33,GAO20210513t153658p0000,True,2021-05-13,,,,0.0,50.0,none,,fail
34,ang20221024t180037,True,2022-10-24,39.79556459,-80.24588389,ang20221024t180037-D,465.951005523148,104.12170014510924,,pass,pass
34,ang20221009t182331,True,2022-10-09,39.795092,-80.246,ang20221009t182331-B,2042.176773555268,242.3670632785716,,pass,pass
34,GAO20210813t142433p0000,True,2021-08-13,,,,0.0,50.0,none,,fail
34,GAO20210813t141544p0000,True,2021-08-13,,,,0.0,50.0,none,,fail
34,GAO20210521t150211p0000,True,2021-05-21,,,,0.0,50.0,none,,fail
34,GAO20210515t141643p0000,True,2021-05-15,,,,0.0,50.0,none,,fail
34,GAO20210513t153658p0000,True,2021-05-13,,,,0.0,50.0,none,,fail
35,ang20221024t180037,True,2022-10-24,,,,0.0,50.0,none,,fail
35,ang20221009t182331,True,2022-10-09,,,,0.0,50.0,none,,fail
35,GAO20210813t141544p0000,True,2021-08-13,39.7921749,-80.24535124,GAO20210813t141544p0000-C,1036.7414001915834,176.80318098496895,,pass,pass
35,GAO20210521t150211p0000,True,2021-05-21,39.79219717,-80.24511888,GAO20210521t150211p0000-A,352.545817108174,124.12961340968964,,pass,pass
35,GAO20210515t141643p0000,True,2021-05-15,39.7923,-80.2451,GAO20210515t141643p0000-5,508.9511993492867,126.89435767385385,,pass,pass
36,ang20221009t183505,True,2022-10-09,39.836204,-80.273628,ang20221009t183505-A,5542.67607194517,363.3149416505382,,pass,pass
36,GAO20210521t144353p0000,True,2021-05-21,39.83602409,-80.27381794,GAO20210521t144353p0000-4,3310.2780455564084,410.5849277450192,,pass,pass
36,GAO20210515t140819p0000,True,2021-05-15,39.83606877,-80.27375903,GAO20210515t140819p0000-3,688.3705526695467,191.73468986588287,,pass,pass
36,GAO20210513t152129p0000,True,2021-05-13,39.836216,-80.273399,GAO20210513t152129p0000-6,3331.4555124629883,582.0695081308576,,pass,pass
37,ang20221024t181205,True,2022-10-24,39.842057,-80.262473,ang20221024t181205-C,320.1189339849135,106.47610719470757,,pass,pass
37,GAO20210521t150211p0000,True,2021-05-21,,,,0.0,50.0,none,,fail
37,GAO20210521t144353p0000,True,2021-05-21,,,,0.0,50.0,none,,fail
37,GAO20210515t140819p0000,True,2021-05-15,,,,0.0,50.0,none,,fail
37,GAO20210513t153658p0000,True,2021-05-13,,,,0.0,50.0,none,,fail
37,GAO20210513t152129p0000,True,2021-05-13,,,,0.0,50.0,none,,fail
38,ang20221024t173730,True,2022-10-24,39.795838,-80.173356,ang20221024t173730-A,353.4034823516767,236.02377699436465,,pass,pass
38,GAO20210813t141544p0000,True,2021-08-13,39.79582197,-80.17358142,GAO20210813t141544p0000-D,984.0408615262,126.52937187464288,,pass,pass
42,ang20221103t155207,True,2022-11-03,39.6479911,-80.41880034,ang20221103t155207-A,2247.047505106724,548.4678948480378,,pass,pass
42,ang20221011t184153,True,2022-10-11,39.648024,-80.419093,ang20221011t184153-E,5520.642317480468,2824.682975473929,,pass,pass
42,ang20221009t185838,True,2022-10-09,39.647851,-80.419241,ang20221009t185838-A,8320.267014422407,714.2263898845363,,pass,pass
42,GAO20210521t131640p0000,True,2021-05-21,39.648,-80.4191,GAO20210521t131640p0000-2,2030.5377633609985,295.87918640158387,,pass,pass
47,ang20221024t181205,True,2022-10-24,39.631976,-80.360043,ang20221024t181205-E,649.5422428975822,195.14270963220795,,pass,pass
47,ang20221009t183505,True,2022-10-09,,,,0.0,50.0,none,,fail
48,ang20221024t182326,True,2022-10-24,39.651137,-80.360875,ang20221024t182326-D,403.5695385659864,105.41264171354622,,pass,pass
48,ang20221009t184703,True,2022-10-09,39.65103353,-80.36071666,ang20221009t184703-F,996.8109925024409,451.541552976574,,pass,pass
48,GAO20210521t135234p0000,True,2021-05-21,,,,0.0,50.0,none,,fail
50,ang20221103t165729,True,2022-11-03,39.80338,-80.66270297,ang20221103t165729-D,296.3013713927928,69.63101397458537,,pass,pass
50,ang20221011t164544,True,2022-10-11,39.803271,-80.662821,ang20221011t164544-E,777.893892799547,212.6872977606409,,pass,pass
51,ang20221011t173435,True,2022-10-11,39.816392,-80.558554,ang20221011t173435-B,729.1959511558654,217.86589724825856,,pass,pass
51,ang20221003t172744,True,2022-10-03,39.816174,-80.558875,ang20221003t172744-B,2079.298574780026,230.8098499088037,,pass,pass
52,ang20221011t173435,True,2022-10-11,39.833217,-80.553235,ang20221011t173435-A,3721.2893729341854,2210.9816836456744,,pass,pass
52,ang20221003t172744,True,2022-10-03,39.832944,-80.553294,ang20221003t172744-A,7749.431126107314,1129.2857843121656,,pass,pass
53,ang20221103t164406,True,2022-11-03,,,,0.0,50.0,none,,fail
53,ang20221011t171034,True,2022-10-11,39.821162,-80.606376,ang20221011t171034-A,1036.1270091118663,291.04580951587985,,pass,pass
53,ang20221009t162340,True,2022-10-09,39.821169,-80.606542,ang20221009t162340-C,1415.04693979189,254.715797698114,,pass,pass
53,ang20221003t181100,True,2022-10-03,39.821103,-80.606307,ang20221003t181100-E,1433.9391473588887,724.6720447744237,,pass,pass
54,ang20221103t165729,True,2022-11-03,39.87261003,-80.63708923,ang20221103t165729-A,985.878797242192,422.814243275221,,pass,pass
54,ang20221011t164544,True,2022-10-11,39.872734,-80.637303,ang20221011t164544-B,3119.8957986965484,870.6311878093356,,pass,pass
54,GAO20210813t153316p0000,True,2021-08-13,39.872527,-80.637224,GAO20210813t153316p0000-C,2457.144814448497,934.9356411298736,,pass,pass
55,ang20221011t172300,True,2022-10-11,39.882711,-80.55512,ang20221011t172300-C,644.8101518214723,143.77448570203524,,pass,pass
55,ang20221011t171034,True,2022-10-11,39.882569,-80.555001,ang20221011t171034-C,649.0293844699602,226.44630173760453,,pass,pass
55,ang20221009t162340,True,2022-10-09,,,,0.0,50.0,none,,fail
55,ang20221003t181100,True,2022-10-03,39.882747,-80.555257,ang20221003t181100-C,1065.741082406328,137.62957020467525,,pass,pass
55,ang20221003t171601,True,2022-10-03,39.882841,-80.555155,ang20221003t171601-C,750.9635674240174,393.5205494492234,,pass,pass
55,ang20221003t160932,True,2022-10-03,39.882812,-80.555122,ang20221003t160932-C,930.2506729541196,238.71660111545623,,pass,pass
55,GAO20210813t152451p0000,True,2021-08-13,,,,0.0,50.0,none,,fail
56,ang20221103t153837,True,2022-11-03,39.88596501,-80.53904739,ang20221103t153837-E,709.0310709054327,261.2762939326183,,pass,pass
56,ang20221011t172300,True,2022-10-11,39.885928,-80.538932,ang20221011t172300-B,2010.106929785065,1030.9520748100551,,pass,pass
56,ang20221003t171601,True,2022-10-03,39.885979,-80.538833,ang20221003t171601-B,2120.427440944248,679.4519848526696,,pass,pass
56,ang20221003t160932,True,2022-10-03,39.885755,-80.538624,ang20221003t160932-B,2693.7361877883004,795.4743730884823,,pass,pass
56,GAO20210813t152451p0000,True,2021-08-13,39.886006,-80.538818,GAO20210813t152451p0000-D,3799.396313285914,1103.5241123188316,,pass,pass
57,ang20221011t172300,True,2022-10-11,39.912825,-80.524949,ang20221011t172300-A,1147.5249299955306,311.9528075235245,,pass,pass
57,ang20221011t172300,True,2022-10-11,39.912813,-80.524944,ang20221011t172300-E,1147.5249299955306,311.9528075235245,,pass,pass
57,ang20221003t171601,True,2022-10-03,39.912904,-80.524949,ang20221003t171601-A,2506.722882366715,1309.1496741900762,,pass,pass
57,GAO20210813t153316p0000,True,2021-08-13,39.912902,-80.524961,GAO20210813t153316p0000-A,1700.341333393226,519.3219896577334,,pass,pass
58,ang20221011t165806,True,2022-10-11,39.929448,-80.569009,ang20221011t165806-D,884.2646754397576,147.80081896009182,,pass,pass
58,GAO20210813t154231p0000,True,2021-08-13,39.929294,-80.56911,GAO20210813t154231p0000-B,1522.7583107102284,624.5883272713791,,pass,pass
59,ang20221103t171109,True,2022-11-03,39.96288907,-80.61279153,ang20221103t171109-C,106.50083942754092,34.406300187627764,,pass,pass
59,ang20221011t163243,True,2022-10-11,39.962885,-80.612834,ang20221011t163243-C,2649.5604644244027,653.0016368686013,,pass,pass
60,ang20221103t165729,True,2022-11-03,39.84359943,-80.64961856,ang20221103t165729-B,320.16943805548937,164.7222914618499,,pass,pass
60,ang20221011t164544,True,2022-10-11,39.8436,-80.6497,ang20221011t164544-D,650.546567701512,306.4432052093225,,pass,pass
60,GAO20210813t152451p0000,True,2021-08-13,,,,0.0,50.0,none,,fail
61,ang20221103t175310,True,2022-11-03,,,,0.0,50.0,none,,fail
61,ang20221016t165920,True,2022-10-16,,,,0.0,50.0,none,,fail
61,ang20221011t154415,True,2022-10-11,39.475378,-80.49603,ang20221011t154415-A,589.7042910937944,239.78494001441948,,pass,pass
62,ang20221103t183217,True,2022-11-03,39.197904,-80.050788,ang20221103t183217-A,787.9936176852228,328.213109849485,,pass,pass
62,ang20221103t183217,True,2022-11-03,39.19782951,-80.05074255,ang20221103t183217-C,811.7838128044734,329.569911652362,,pass,pass
62,ang20221016t161437,True,2022-10-16,39.198,-80.0508,ang20221016t161437-A,889.3923101038325,437.7852309546624,,pass,pass
62,ang20221011t144003,True,2022-10-11,39.197919,-80.050843,ang20221011t144003-A,4095.362587670919,1053.1295752386072,,pass,pass
64,ang20221020t150746,True,2022-10-20,37.956641,-81.53896,ang20221020t150746-A,2376.886982493074,699.428337603738,,pass,pass
65,ang20221020t172348,True,2022-10-20,37.7376,-81.723,ang20221020t172348-A,1612.2431590283245,169.6341888104216,,pass,pass
66,ang20221020t170809,True,2022-10-20,37.768629,-81.256474,ang20221020t170809-B,6286.432833542518,1048.0669681711556,,pass,pass
67,ang20221103t175310,True,2022-11-03,39.48760525,-80.54557869,ang20221103t175310-A,2063.84862340424,588.2604510777477,,pass,pass
67,ang20221016t165920,True,2022-10-16,,,,0.0,50.0,none,,fail
67,ang20221011t154415,True,2022-10-11,39.487719,-80.5459,ang20221011t154415-B,2536.49578510976,757.9914850584533,,pass,pass
68,ang20221103t165729,True,2022-11-03,,,,0.0,50.0,none,,fail
68,ang20221011t164544,True,2022-10-11,40.112068,-80.542556,ang20221011t164544-A,1109.9213760624596,117.19880046887492,,pass,pass
68,ang20221011t163243,True,2022-10-11,40.112095,-80.542638,ang20221011t163243-A,849.9742243347129,168.69437261517984,,pass,pass
69,ang20221024t174902,True,2022-10-24,39.714377,-80.260785,ang20221024t174902-B,456.5135378764728,232.4215080591815,,pass,pass
69,ang20221009t181144,True,2022-10-09,39.714003,-80.260994,ang20221009t181144-B,1403.0687606455651,131.31236276221023,,pass,pass
69,GAO20210813t150611p0000,True,2021-08-13,,,,0.0,50.0,none,,fail
69,GAO20210813t135114p0000,True,2021-08-13,,,,0.0,50.0,none,,fail
69,GAO20210521t144353p0000,True,2021-05-21,,,,0.0,50.0,none,,fail
70,ang20221024t173730,True,2022-10-24,,,,0.0,50.0,none,,fail
70,ang20221009t180013,True,2022-10-09,39.7051,-80.2347,ang20221009t180013-A,1873.3746419813208,999.9770234418628,,pass,pass
70,GAO20210813t145923p0000,True,2021-08-13,39.704994,-80.234635,GAO20210813t145923p0000-A,3093.752522757818,944.6148429220108,,pass,pass
70,GAO20210813t135114p0000,True,2021-08-13,39.70499294,-80.23471231,GAO20210813t135114p0000-A,3302.230788023349,610.2191844050338,,pass,pass
70,GAO20210813t134456p0000,True,2021-08-13,39.7049869,-80.23461642,GAO20210813t134456p0000-A,3206.187046521747,601.8300208259748,,pass,pass
70,GAO20210521t150211p0000,True,2021-05-21,,,,0.0,50.0,none,,fail
71,ang20221024t181205,True,2022-10-24,,,,0.0,50.0,none,,fail
71,ang20221024t180037,True,2022-10-24,,,,0.0,50.0,none,,fail
71,ang20221009t183505,True,2022-10-09,,,,0.0,50.0,none,,fail
71,GAO20210813t140412p0000,True,2021-08-13,,,,0.0,50.0,none,,fail
71,GAO20210521t144353p0000,True,2021-05-21,,,,0.0,50.0,none,,fail
71,GAO20210521t142744p0000,True,2021-05-21,39.74935507,-80.28619033,GAO20210521t142744p0000-B,318.2058429120449,77.81922134863458,,pass,pass
72,ang20221103t161828,True,2022-11-03,,,,0.0,50.0,none,,fail
72,ang20221103t153837,True,2022-11-03,,,,0.0,50.0,none,,fail
72,ang20221011t181926,True,2022-10-11,,,,0.0,50.0,none,,fail
72,ang20221003t160932,True,2022-10-03,,,,0.0,50.0,none,,fail
72,GAO20210813t143918p0000,True,2021-08-13,39.85899,-80.416669,GAO20210813t143918p0000-C,1647.7559006510442,217.27710564030616,,pass,pass
72,GAO20210521t131640p0000,True,2021-05-21,39.8589198,-80.41668964,GAO20210521t131640p0000-1,2246.600548168829,1007.078319826995,,pass,pass
72,GAO20210513t141020p0000,True,2021-05-13,39.859,-80.4167,GAO20210513t141020p0000-4,1266.3087408514295,274.9648331065435,,pass,pass
73,ang20221103t171109,True,2022-11-03,,,,0.0,50.0,none,,fail
73,ang20221103t153837,True,2022-11-03,,,,0.0,50.0,none,,fail
73,ang20221011t163243,True,2022-10-11,,,,0.0,50.0,none,,fail
73,ang20221003t160932,True,2022-10-03,,,,0.0,50.0,none,,fail
73,GAO20210813t154231p0000,True,2021-08-13,39.890373,-80.648835,GAO20210813t154231p0000-A,1028.7510348109602,355.5057460102718,,pass,pass
74,ang20221103t164406,True,2022-11-03,,,,0.0,50.0,none,,fail
74,ang20221103t153837,True,2022-11-03,,,,0.0,50.0,none,,fail
74,ang20221011t165806,True,2022-10-11,,,,0.0,50.0,none,,fail
74,GAO20210813t153316p0000,True,2021-08-13,39.895032,-80.584188,GAO20210813t153316p0000-B,912.2993681800432,18.69306589406875,,pass,pass
75,ang20221024t181205,True,2022-10-24,39.844174,-80.250347,ang20221024t181205-B,463.04300902726,184.3626820444504,,pass,pass
75,ang20221009t183505,True,2022-10-09,39.84395465,-80.25069606,ang20221009t183505-B,1045.6691174512478,149.41558191925833,none,pass,pass
75,GAO20210521t150211p0000,True,2021-05-21,,,,0.0,50.0,none,,fail
75,GAO20210515t141643p0000,True,2021-05-15,,,,0.0,50.0,none,,fail
75,GAO20210513t153658p0000,True,2021-05-13,,,,0.0,50.0,none,,fail
76,ang20221024t182326,True,2022-10-24,,,,0.0,50.0,none,,fail
76,ang20221024t181205,True,2022-10-24,,,,0.0,50.0,none,,fail
76,ang20221009t184703,True,2022-10-09,,,,0.0,50.0,none,,fail
76,ang20221009t183505,True,2022-10-09,,,,0.0,50.0,none,,fail
76,GAO20210813t142433p0000,True,2021-08-13,,,,0.0,50.0,none,,fail
76,GAO20210521t144353p0000,True,2021-05-21,,,,0.0,50.0,none,,fail
76,GAO20210513t152129p0000,True,2021-05-13,39.8154,-80.2837,GAO20210513t152129p0000-9,313.84957872582095,33.62926231354786,,pass,pass
76,GAO20210513t150800p0000,True,2021-05-13,39.81536493,-80.28378225,GAO20210513t150800p0000-A,248.2301898719225,100.84346940307528,,pass,pass
77,ang20221024t180037,True,2022-10-24,39.827331,-80.235712,ang20221024t180037-A,481.51355500976297,81.01869721320698,,pass,pass
77,ang20221009t182331,True,2022-10-09,39.82734369,-80.23566019,ang20221009t182331-D,1440.9677376607508,354.7735059286922,,pass,pass
77,GAO20210521t150211p0000,True,2021-05-21,39.82735493,-80.2356974,GAO20210521t150211p0000-5,1229.06324239548,119.47700188980158,,pass,pass
77,GAO20210515t141643p0000,True,2021-05-15,39.827725,-80.236354,GAO20210515t141643p0000-4,732.1307013437408,324.4621587885721,,pass,pass
77,GAO20210513t153658p0000,True,2021-05-13,39.827366,-80.236207,GAO20210513t153658p0000-7,1651.7334450576905,686.4342662586141,,pass,pass
78,ang20221011t184153,True,2022-10-11,40.0055,-80.2848,ang20221011t184153-B,560.2548151672468,331.22620786909107,,pass,pass
78,GAO20210521t144353p0000,True,2021-05-21,,,,0.0,50.0,none,,fail
78,GAO20210515t140819p0000,True,2021-05-15,,,,0.0,50.0,none,,fail
78,GAO20210513t152129p0000,True,2021-05-13,,,,0.0,50.0,none,,fail
80,ang20221103t161828,True,2022-11-03,,,,0.0,50.0,none,,fail
80,ang20221011t181926,True,2022-10-11,,,,0.0,50.0,none,,fail
80,GAO20210521t142744p0000,True,2021-05-21,,,,0.0,50.0,none,,fail
80,GAO20210521t140904p0000,True,2021-05-21,,,,0.0,50.0,none,,fail
80,GAO20210515t135940p0000,True,2021-05-15,40.0302,-80.3255,GAO20210515t135940p0000-4,313.8269241011976,112.75525362194333,,pass,pass
81,ang20221103t161828,True,2022-11-03,,,,0.0,50.0,none,,fail
81,ang20221103t160514,True,2022-11-03,,,,0.0,50.0,none,,fail
81,ang20221011t181926,True,2022-10-11,,,,0.0,50.0,none,,fail
81,GAO20210521t142744p0000,True,2021-05-21,40.0235,-80.3199,GAO20210521t142744p0000-3,523.1292545598601,290.01662844421224,,pass,pass
81,GAO20210521t140904p0000,True,2021-05-21,40.02344601,-80.3199634,GAO20210521t140904p0000-A,536.5710136529367,124.80909314331768,,pass,pass
81,GAO20210515t135940p0000,True,2021-05-15,40.0235,-80.3199,GAO20210515t135940p0000-3,247.6062257138432,47.02335603586375,,pass,pass
81,GAO20210513t150800p0000,True,2021-05-13,40.0234,-80.32,GAO20210513t150800p0000-4,433.05736727610577,219.45156908249947,,pass,pass
82,ang20221103t160514,True,2022-11-03,,,,0.0,50.0,none,,fail
82,ang20221011t183044,True,2022-10-11,,,,0.0,50.0,none,,fail
82,GAO20210521t140904p0000,True,2021-05-21,39.9735,-80.3252,GAO20210521t140904p0000-2,1629.1789928957692,531.7494743882987,,pass,pass
82,GAO20210515t135117p0000,True,2021-05-15,39.9735,-80.3254,GAO20210515t135117p0000-2,589.2118371691668,211.77045429980183,,pass,pass
87,ang20221024t181205,True,2022-10-24,,,,0.0,50.0,none,,fail
87,ang20221009t183505,True,2022-10-09,,,,0.0,50.0,none,,fail
87,GAO20210521t150211p0000,True,2021-05-21,39.838635,-80.258797,GAO20210521t150211p0000-3,1066.3576823462015,105.81810555466716,,pass,pass
87,GAO20210521t144353p0000,True,2021-05-21,,,,0.0,50.0,none,,fail
87,GAO20210515t141643p0000,True,2021-05-15,39.8387,-80.2587,GAO20210515t141643p0000-2,190.5490996616376,137.82724499792548,,pass,pass
87,GAO20210515t140819p0000,True,2021-05-15,39.8387,-80.2588,GAO20210515t140819p0000-5,197.4676764061112,121.16189274025056,,pass,pass
87,GAO20210513t153658p0000,True,2021-05-13,39.8386,-80.2587,GAO20210513t153658p0000-5,1247.21034159714,136.36408297000767,,pass,pass
87,GAO20210513t152129p0000,True,2021-05-13,39.8386,-80.2588,GAO20210513t152129p0000-8,677.5750060604823,149.86005972346703,,pass,pass
88,ang20221024t181205,True,2022-10-24,,,,0.0,50.0,none,,fail
88,ang20221024t180037,True,2022-10-24,,,,0.0,50.0,none,,fail
88,ang20221009t183505,True,2022-10-09,,,,0.0,50.0,none,,fail
88,GAO20210521t150211p0000,True,2021-05-21,39.83386765,-80.24649382,GAO20210521t150211p0000-4,537.4520642840138,180.8060634196936,,pass,pass
88,GAO20210515t141643p0000,True,2021-05-15,39.8339,-80.2465,GAO20210515t141643p0000-3,466.58781804313406,445.9542825009756,,pass,pass
88,GAO20210513t153658p0000,True,2021-05-13,39.833708,-80.246692,GAO20210513t153658p0000-6,637.523670220589,338.8640135055357,,pass,pass
89,ang20221024t173730,True,2022-10-24,39.829573,-80.165832,ang20221024t173730-B,243.92327621929127,80.42005976049181,none,pass,pass
89,ang20221009t180013,True,2022-10-09,,,,0.0,50.0,none,,fail
89,GAO20210521t155242p0000,True,2021-05-21,,,,0.0,50.0,none,,fail
89,GAO20210515t144158p0000,True,2021-05-15,39.8295,-80.1658,GAO20210515t144158p0000-1,292.68921203803905,78.85828785427937,none,pass,pass
89,GAO20210514t132657p0000,True,2021-05-14,39.8295,-80.1666,GAO20210514t132657p0000-2,268.8922820625554,150.85495490579186,,pass,pass
90,ang20221103t155207,True,2022-11-03,,,,0.0,50.0,none,,fail
90,ang20221024t183453,True,2022-10-24,,,,0.0,50.0,none,,fail
90,ang20221009t185838,True,2022-10-09,,,,0.0,50.0,none,,fail
90,GAO20210813t151207p0000,True,2021-08-13,,,,0.0,50.0,none,,fail
90,GAO20210521t135234p0000,True,2021-05-21,39.746431,-80.359643,GAO20210521t135234p0000-4,945.418152424818,203.89331255523769,,pass,pass
90,GAO20210515t134113p0000,True,2021-05-15,39.745543,-80.36067,GAO20210515t134113p0000-3,564.8185309071769,76.7549803282008,,pass,pass
92,ang20221024t174902,True,2022-10-24,,,,0.0,50.0,none,,fail
92,ang20221009t181144,True,2022-10-09,,,,0.0,50.0,none,,fail
92,GAO20210813t141544p0000,True,2021-08-13,,,,0.0,50.0,none,,fail
92,GAO20210813t140412p0000,True,2021-08-13,,,,0.0,50.0,none,,fail
92,GAO20210521t151830p0000,True,2021-05-21,39.7728,-80.2184,GAO20210521t151830p0000-3,750.1307349864986,71.92990421573347,,pass,pass
94,ang20221024t182326,True,2022-10-24,39.84767784,-80.26788843,ang20221024t182326-F,700.4829632959093,251.5803527815403,,pass,pass
94,ang20221024t181205,True,2022-10-24,39.847733,-80.267888,ang20221024t181205-A,767.7750386215222,103.08573614497524,,pass,pass
94,ang20221009t184703,True,2022-10-09,39.8477,-80.2677,ang20221009t184703-E,760.5719066470765,277.64178620866784,,pass,pass
94,ang20221009t183505,True,2022-10-09,39.84772847,-80.26752753,ang20221009t183505-C,1395.6479504354213,303.10929113791235,,pass,pass
94,GAO20210521t144353p0000,True,2021-05-21,,,,0.0,50.0,none,,fail
94,GAO20210515t140819p0000,True,2021-05-15,,,,0.0,50.0,none,,fail
94,GAO20210513t152129p0000,True,2021-05-13,,,,0.0,50.0,none,,fail
95,ang20221024t181205,True,2022-10-24,,,,0.0,50.0,none,,fail
95,ang20221009t184703,True,2022-10-09,,,,0.0,50.0,none,,fail
95,ang20221009t183505,True,2022-10-09,,,,0.0,50.0,none,,fail
95,GAO20210515t140819p0000,True,2021-05-15,39.8392,-80.2712,GAO20210515t140819p0000-4,184.74966057661555,107.75692300877702,,pass,pass
96,ang20221024t181205,True,2022-10-24,,,,0.0,50.0,none,,fail
96,ang20221009t184703,True,2022-10-09,,,,0.0,50.0,none,,fail
96,ang20221009t183505,True,2022-10-09,,,,0.0,50.0,none,,fail
96,GAO20210515t140819p0000,True,2021-05-15,39.84094686,-80.26968952,GAO20210515t140819p0000-B,218.12645624795124,92.02403277733188,,pass,pass
96,GAO20210513t152129p0000,True,2021-05-13,39.841024,-80.269698,GAO20210513t152129p0000-7,875.5291762292147,532.7102916010595,,pass,pass
97,ang20221103t163129,True,2022-11-03,,,,0.0,50.0,none,,fail
97,ang20221103t153837,True,2022-11-03,39.85773119,-80.42741477,ang20221103t153837-T,146.97377792005986,44.63559276293979,none,pass,pass
97,ang20221011t180824,True,2022-10-11,39.857639,-80.427925,ang20221011t180824-D,537.8666531119989,356.02862802702094,,pass,pass
97,ang20221003t160932,True,2022-10-03,39.857658,-80.427837,ang20221003t160932-E,906.7270714412432,308.12752552830324,,pass,pass
97,GAO20210813t143918p0000,True,2021-08-13,,,,0.0,50.0,none,,fail
97,GAO20210521t131640p0000,True,2021-05-21,,,,0.0,50.0,none,,fail
97,GAO20210515t132309p0000,True,2021-05-15,,,,0.0,50.0,none,,fail
97,GAO20210513t141020p0000,True,2021-05-13,,,,0.0,50.0,none,,fail
98,ang20221024t182326,True,2022-10-24,39.99995297,-80.22721512,ang20221024t182326-H,658.2160514080954,99.18452154352606,,pass,pass
98,ang20221009t184703,True,2022-10-09,39.999997,-80.227007,ang20221009t184703-C,1193.51040027473,363.0017049872206,,pass,pass
98,GAO20210521t151830p0000,True,2021-05-21,,,,0.0,50.0,none,,fail
98,GAO20210515t142544p0000,True,2021-05-15,,,,0.0,50.0,none,,fail
98,GAO20210514t125900p0000,True,2021-05-14,,,,0.0,50.0,none,,fail
98,GAO20210513t155053p0000,True,2021-05-13,,,,0.0,50.0,none,,fail
99,ang20221103t155207,True,2022-11-03,39.957238,-80.275665,ang20221103t155207-I,186.23727896893465,31.973867545015768,,pass,pass
99,ang20221024t183453,True,2022-10-24,39.9571,-80.2757,ang20221024t183453-A,702.1029284903898,211.39611944399664,,pass,pass
99,ang20221009t185838,True,2022-10-09,,,,0.0,50.0,none,,fail
99,GAO20210521t144353p0000,True,2021-05-21,,,,0.0,50.0,none,,fail
99,GAO20210515t140819p0000,True,2021-05-15,,,,0.0,50.0,none,,fail
99,GAO20210513t152129p0000,True,2021-05-13,,,,0.0,50.0,none,,fail
100,ang20221103t155207,True,2022-11-03,39.953147,-80.263436,ang20221103t155207-G,259.72835873102014,70.49832626483602,,pass,pass
100,ang20221024t183453,True,2022-10-24,39.953216,-80.263359,ang20221024t183453-B,365.5391447940178,115.32426569065048,,pass,pass
100,ang20221009t185838,True,2022-10-09,39.95298863,-80.26344632,ang20221009t185838-D,963.4670090014972,221.2268095458108,,pass,pass
100,GAO20210521t150211p0000,True,2021-05-21,,,,0.0,50.0,none,,fail
100,GAO20210521t144353p0000,True,2021-05-21,,,,0.0,50.0,none,,fail
100,GAO20210515t141643p0000,True,2021-05-15,,,,0.0,50.0,none,,fail
100,GAO20210515t140819p0000,True,2021-05-15,,,,0.0,50.0,none,,fail
100,GAO20210513t153658p0000,True,2021-05-13,,,,0.0,50.0,none,,fail
100,GAO20210513t152129p0000,True,2021-05-13,,,,0.0,50.0,none,,fail
101,ang20221103t161828,True,2022-11-03,39.84818973,-80.41584516,ang20221103t161828-G,461.42209509098166,183.70083633970785,,pass,pass
101,ang20221103t153837,True,2022-11-03,39.84817169,-80.41675678,ang20221103t153837-R,487.15998841214,190.45084748283367,,pass,pass
101,ang20221011t181926,True,2022-10-11,,,,0.0,50.0,none,,fail
101,GAO20210813t143918p0000,True,2021-08-13,,,,0.0,50.0,none,,fail
101,GAO20210521t131640p0000,True,2021-05-21,,,,0.0,50.0,none,,fail
101,GAO20210515t132309p0000,True,2021-05-15,,,,0.0,50.0,none,,fail
101,GAO20210513t141020p0000,True,2021-05-13,,,,0.0,50.0,none,,fail
102,ang20221103t161828,True,2022-11-03,39.8516335,-80.40874502,ang20221103t161828-D,314.08761549824965,95.40757620857924,,pass,pass
102,ang20221103t153837,True,2022-11-03,39.8517,-80.4088,ang20221103t153837-O,336.43333854755224,37.57365689473159,,pass,pass
102,ang20221011t181926,True,2022-10-11,39.851709,-80.408736,ang20221011t181926-D,681.515616526146,129.0575292121673,,pass,pass
102,ang20221003t160932,True,2022-10-03,39.85168155,-80.40870592,ang20221003t160932-G,1416.2191115633375,230.4609852873628,,pass,pass
102,GAO20210813t143918p0000,True,2021-08-13,,,,0.0,50.0,none,,fail
102,GAO20210521t131640p0000,True,2021-05-21,,,,0.0,50.0,none,,fail
102,GAO20210515t132309p0000,True,2021-05-15,,,,0.0,50.0,none,,fail
102,GAO20210513t141020p0000,True,2021-05-13,,,,0.0,50.0,none,,fail
105,ang20221103t155207,True,2022-11-03,39.958354,-80.26284,ang20221103t155207-K,335.59103774787803,57.30416189962757,,pass,pass
105,ang20221024t183453,True,2022-10-24,39.95833889,-80.26298694,ang20221024t183453-G,182.6133884562377,50.91648307521909,,pass,pass
105,ang20221009t185838,True,2022-10-09,39.95832403,-80.2629177,ang20221009t185838-B,1048.3953511438049,392.5813800384861,,pass,pass
105,GAO20210521t150211p0000,True,2021-05-21,,,,0.0,50.0,none,,fail
105,GAO20210521t144353p0000,True,2021-05-21,,,,0.0,50.0,none,,fail
105,GAO20210515t141643p0000,True,2021-05-15,,,,0.0,50.0,none,,fail
105,GAO20210515t140819p0000,True,2021-05-15,,,,0.0,50.0,none,,fail
105,GAO20210513t153658p0000,True,2021-05-13,,,,0.0,50.0,none,,fail
105,GAO20210513t152129p0000,True,2021-05-13,,,,0.0,50.0,none,,fail
108,ang20221103t160514,True,2022-11-03,,,,0.0,50.0,none,,fail
108,ang20221011t183044,True,2022-10-11,40.020735,-80.309297,ang20221011t183044-A,890.4789959155368,318.9853886668652,,pass,pass
108,GAO20210521t142744p0000,True,2021-05-21,,,,0.0,50.0,none,,fail
108,GAO20210515t135940p0000,True,2021-05-15,,,,0.0,50.0,none,,fail
108,GAO20210513t150800p0000,True,2021-05-13,,,,0.0,50.0,none,,fail
113,GAO20220428t164817p0000,True,2022-04-28,33.51068611,-87.2877318,GAO20220428t164817p0000-A,733.7094672423649,160.9937407898195,,pass,pass
113,GAO20220422t164212p0000,True,2022-04-22,33.51065023,-87.28762824,GAO20220422t164212p0000-B,448.2743984890018,189.82416925597127,,pass,pass
113,GAO20220419t170408p0000,True,2022-04-19,33.510758,-87.287721,GAO20220419t170408p0000-A,698.1772513308022,125.7244884902956,,pass,pass
114,GAO20220923t162942p0000,True,2022-09-23,,,,0.0,50.0,none,,fail
114,GAO20220428t154635p0000,True,2022-04-28,33.486778,-87.094031,GAO20220428t154635p0000-A,653.2623256282326,310.4098575287326,,pass,pass
114,GAO20220422t150848p0000,True,2022-04-22,33.486647,-87.094427,GAO20220422t150848p0000-A,932.3361869903364,189.64928175422548,,pass,pass
115,GAO20220923t164450p0000,True,2022-09-23,33.453576,-87.138962,GAO20220923t164450p0000-B,963.0214198927134,668.6713039370579,,pass,pass
115,GAO20220428t160140p0000,True,2022-04-28,,,,0.0,50.0,none,,fail
115,GAO20220422t153007p0000,True,2022-04-22,,,,0.0,50.0,none,,fail
115,GAO20220419t155053p0000,True,2022-04-19,,,,0.0,50.0,none,,fail
115,GAO20220419t154146p0000,True,2022-04-19,,,,0.0,50.0,none,,fail
118,GAO20220923t165226p0000,True,2022-09-23,,,,0.0,50.0,none,,fail
118,GAO20220923t164450p0000,True,2022-09-23,,,,0.0,50.0,none,,fail
118,GAO20220428t160924p0000,True,2022-04-28,,,,0.0,50.0,none,,fail
118,GAO20220428t160140p0000,True,2022-04-28,,,,0.0,50.0,none,,fail
118,GAO20220423t172858p0000,True,2022-04-23,,,,0.0,50.0,none,,fail
118,GAO20220422t154027p0000,True,2022-04-22,,,,0.0,50.0,none,,fail
118,GAO20220422t153007p0000,True,2022-04-22,,,,0.0,50.0,none,,fail
118,GAO20220419t160705p0000,True,2022-04-19,,,,0.0,50.0,none,,fail
118,GAO20220419t155053p0000,True,2022-04-19,,,,0.0,50.0,none,,fail
119,GAO20220923t164450p0000,True,2022-09-23,,,,0.0,50.0,none,,fail
119,GAO20220428t160140p0000,True,2022-04-28,,,,0.0,50.0,none,,fail
119,GAO20220422t153007p0000,True,2022-04-22,33.4406,-87.1401,GAO20220422t153007p0000-C,1009.017130262312,239.1980834095706,,pass,pass
119,GAO20220419t155053p0000,True,2022-04-19,,,,0.0,50.0,none,,fail
120,GAO20220923t170108p0000,True,2022-09-23,33.403069,-87.199343,GAO20220923t170108p0000-A,2250.4803770182666,1228.3945425825025,,pass,pass
120,GAO20220428t161644p0000,True,2022-04-28,33.403089,-87.199106,GAO20220428t161644p0000-A,1122.4391693727084,380.4471930940895,,pass,pass
120,GAO20220423t173858p0000,True,2022-04-23,33.403175,-87.199424,GAO20220423t173858p0000-A,2042.84395631786,1304.635553781023,,pass,pass
120,GAO20220422t155137p0000,True,2022-04-22,33.4032,-87.199193,GAO20220422t155137p0000-A,2155.0047524825536,463.1399230900923,,pass,pass
120,GAO20220419t161635p0000,True,2022-04-19,33.402986,-87.199224,GAO20220419t161635p0000-A,2536.4245827937084,1393.232044761766,,pass,pass
121,GAO20220923t172122p0000,True,2022-09-23,33.421547,-87.239888,GAO20220923t172122p0000-B,1452.785907207814,687.4716996850325,,pass,pass
121,GAO20220923t171045p0000,True,2022-09-23,33.42144815,-87.23973894,GAO20220923t171045p0000-B,2548.583832907373,1144.23056530722,,pass,pass
121,GAO20220428t163239p0000,True,2022-04-28,33.421375,-87.239944,GAO20220428t163239p0000-A,1507.7171465476376,337.7199951905566,,pass,pass
121,GAO20220428t162445p0000,True,2022-04-28,33.42152237,-87.23970611,GAO20220428t162445p0000-C,1329.5995601605018,281.4646664403381,,pass,pass
121,GAO20220422t161650p0000,True,2022-04-22,33.421531,-87.239826,GAO20220422t161650p0000-A,1144.587916077638,184.2632925467207,,pass,pass
121,GAO20220419t163855p0000,True,2022-04-19,33.421041,-87.239701,GAO20220419t163855p0000-A,1645.0846179436855,944.3133643347212,,pass,pass
121,GAO20220419t162841p0000,True,2022-04-19,33.4214,-87.2399,GAO20220419t162841p0000-A,1296.7242857216463,425.2350180637072,,pass,pass
122,GAO20220923t172122p0000,True,2022-09-23,33.3781,-87.2331,GAO20220923t172122p0000-A,1408.9058596107895,762.4365220101366,,pass,pass
122,GAO20220923t171045p0000,True,2022-09-23,33.37813277,-87.23310655,GAO20220923t171045p0000-C,1345.587548772182,751.8694141463812,,pass,pass
122,GAO20220428t162445p0000,True,2022-04-28,33.378102,-87.23301,GAO20220428t162445p0000-A,1260.9207075790416,544.9354132964208,,pass,pass
122,GAO20220422t161650p0000,True,2022-04-22,33.378245,-87.23292,GAO20220422t161650p0000-B,2970.0270487069465,673.8925928507739,,pass,pass
122,GAO20220422t160323p0000,True,2022-04-22,33.378224,-87.233155,GAO20220422t160323p0000-A,2160.059256278108,1118.3856351373422,,pass,pass
122,GAO20220419t162841p0000,True,2022-04-19,33.378026,-87.232962,GAO20220419t162841p0000-B,2424.507577039721,2104.454727828441,,pass,pass
123,GAO20220428t162445p0000,True,2022-04-28,33.37036815,-87.21824986,GAO20220428t162445p0000-B,587.636246753777,126.2692120182921,,pass,pass
123,GAO20220422t160323p0000,True,2022-04-22,,,,0.0,50.0,none,,fail
123,GAO20220419t162841p0000,True,2022-04-19,,,,0.0,50.0,none,,fail
124,GAO20220923t172122p0000,True,2022-09-23,,,,0.0,50.0,none,,fail
124,GAO20220428t163239p0000,True,2022-04-28,33.376974,-87.251949,GAO20220428t163239p0000-E,572.5766559143598,108.62470382474416,,pass,pass
124,GAO20220422t161650p0000,True,2022-04-22,,,,0.0,50.0,none,,fail
124,GAO20220419t163855p0000,True,2022-04-19,33.3769,-87.2519,GAO20220419t163855p0000-C,328.13970336882534,65.91999793088848,,pass,pass
125,GAO20220923t173123p0000,True,2022-09-23,33.39427,-87.26538,GAO20220923t173123p0000-A,734.3323791981285,286.9583262060988,,pass,pass
125,GAO20220428t164102p0000,True,2022-04-28,33.394217,-87.265468,GAO20220428t164102p0000-B,953.193830528778,220.3700102483593,,pass,pass
125,GAO20220428t163239p0000,True,2022-04-28,33.394408,-87.265568,GAO20220428t163239p0000-B,765.1947903618795,275.65521064009613,,pass,pass
125,GAO20220422t162854p0000,True,2022-04-22,33.394383,-87.265558,GAO20220422t162854p0000-B,1646.966750215131,395.71822883681136,,pass,pass
125,GAO20220419t165329p0000,True,2022-04-19,33.394182,-87.265674,GAO20220419t165329p0000-A,1617.4027973662735,847.7604910043489,,pass,pass
125,GAO20220419t163855p0000,True,2022-04-19,33.394264,-87.265529,GAO20220419t163855p0000-B,1225.877692609753,471.0575315641687,,pass,pass
126,GAO20220923t175137p0000,True,2022-09-23,33.366291,-87.335066,GAO20220923t175137p0000-A,333.27747648739285,118.32738359475414,,pass,pass
126,GAO20220428t165558p0000,True,2022-04-28,33.366042,-87.335058,GAO20220428t165558p0000-C,980.6494652003532,150.4526949906493,,pass,pass
126,GAO20220422t165446p0000,True,2022-04-22,33.366034,-87.335054,GAO20220422t165446p0000-D,957.0442806632718,153.6794466458387,,pass,pass
126,GAO20220419t171816p0000,True,2022-04-19,33.366351,-87.335051,GAO20220419t171816p0000-E,354.1173438117677,101.80348000263436,,pass,pass
127,GAO20220923t175137p0000,True,2022-09-23,33.407725,-87.336394,GAO20220923t175137p0000-B,3129.776301074737,1173.4059922949582,,pass,pass
127,GAO20220428t165558p0000,True,2022-04-28,33.407757,-87.336679,GAO20220428t165558p0000-A,1720.082004368713,389.2224646670464,,pass,pass
127,GAO20220422t170740p0000,True,2022-04-22,33.407885,-87.336495,GAO20220422t170740p0000-A,1423.8419119930625,387.54315590943736,,pass,pass
127,GAO20220422t165446p0000,True,2022-04-22,33.407979,-87.336632,GAO20220422t165446p0000-B,1624.7297130542345,311.8266783074924,,pass,pass
127,GAO20220419t171816p0000,True,2022-04-19,33.407845,-87.336542,GAO20220419t171816p0000-B,2326.310424369452,958.333346644714,,pass,pass
131,GAO20220923t175137p0000,True,2022-09-23,,,,0.0,50.0,none,,fail
131,GAO20220428t165558p0000,True,2022-04-28,,,,0.0,50.0,none,,fail
131,GAO20220422t165446p0000,True,2022-04-22,,,,0.0,50.0,none,,fail
131,GAO20220419t171816p0000,True,2022-04-19,,,,0.0,50.0,none,,fail
132,GAO20220923t172122p0000,True,2022-09-23,33.32179798,-87.24200454,GAO20220923t172122p0000-C,224.59880888429964,104.90101594447684,,pass,pass
132,GAO20220428t163239p0000,True,2022-04-28,33.32177339,-87.24205035,GAO20220428t163239p0000-F,186.3406792047324,34.19579131524872,,pass,pass
132,GAO20220428t162445p0000,True,2022-04-28,,,,0.0,50.0,none,,fail
132,GAO20220422t161650p0000,True,2022-04-22,,,,0.0,50.0,none,,fail
132,GAO20220419t163855p0000,True,2022-04-19,,,,0.0,50.0,none,,fail
133,GAO20220923t174201p0000,True,2022-09-23,,,,0.0,50.0,none,,fail
133,GAO20220428t164817p0000,True,2022-04-28,,,,0.0,50.0,none,,fail
133,GAO20220422t164212p0000,True,2022-04-22,,,,0.0,50.0,none,,fail
133,GAO20220419t170408p0000,True,2022-04-19,,,,0.0,50.0,none,,fail
135,GAO20220923t175137p0000,True,2022-09-23,,,,0.0,50.0,none,,fail
135,GAO20220428t165558p0000,True,2022-04-28,,,,0.0,50.0,none,,fail
135,GAO20220422t165446p0000,True,2022-04-22,,,,0.0,50.0,none,,fail
135,GAO20220419t171816p0000,True,2022-04-19,,,,0.0,50.0,none,,fail
137,GAO20220923t181220p0000,True,2022-09-23,,,,0.0,50.0,none,,fail
137,GAO20220428t171036p0000,True,2022-04-28,,,,0.0,50.0,none,,fail
137,GAO20220422t171936p0000,True,2022-04-22,,,,0.0,50.0,none,,fail
137,GAO20220419t174335p0000,True,2022-04-19,,,,0.0,50.0,none,,fail
140,GAO20220923t181220p0000,True,2022-09-23,,,,0.0,50.0,none,,fail
140,GAO20220428t171036p0000,True,2022-04-28,,,,0.0,50.0,none,,fail
140,GAO20220422t171936p0000,True,2022-04-22,,,,0.0,50.0,none,,fail
140,GAO20220419t174335p0000,True,2022-04-19,,,,0.0,50.0,none,,fail
142,GAO20220923t180207p0000,True,2022-09-23,,,,0.0,50.0,none,,fail
142,GAO20220923t175137p0000,True,2022-09-23,,,,0.0,50.0,none,,fail
142,GAO20220428t170258p0000,True,2022-04-28,,,,0.0,50.0,none,,fail
142,GAO20220428t165558p0000,True,2022-04-28,,,,0.0,50.0,none,,fail
142,GAO20220422t170740p0000,True,2022-04-22,,,,0.0,50.0,none,,fail
142,GAO20220422t165446p0000,True,2022-04-22,,,,0.0,50.0,none,,fail
142,GAO20220419t172848p0000,True,2022-04-19,,,,0.0,50.0,none,,fail
142,GAO20220419t171816p0000,True,2022-04-19,,,,0.0,50.0,none,,fail
144,GAO20220923t173123p0000,True,2022-09-23,,,,0.0,50.0,none,,fail
144,GAO20220428t164102p0000,True,2022-04-28,,,,0.0,50.0,none,,fail
144,GAO20220422t162854p0000,True,2022-04-22,,,,0.0,50.0,none,,fail
144,GAO20220419t165329p0000,True,2022-04-19,,,,0.0,50.0,none,,fail
145,GAO20220923t164450p0000,True,2022-09-23,,,,0.0,50.0,none,,fail
145,GAO20220428t160140p0000,True,2022-04-28,33.48150168,-87.14144769,GAO20220428t160140p0000-A,330.4751238601438,128.14956293427883,,pass,pass
145,GAO20220422t153007p0000,True,2022-04-22,,,,0.0,50.0,none,,fail
145,GAO20220419t155053p0000,True,2022-04-19,,,,0.0,50.0,none,,fail
146,GAO20220923t162942p0000,True,2022-09-23,,,,0.0,50.0,none,,fail
146,GAO20220428t154635p0000,True,2022-04-28,,,,0.0,50.0,none,,fail
146,GAO20220422t151917p0000,True,2022-04-22,,,,0.0,50.0,none,,fail
146,GAO20220422t150848p0000,True,2022-04-22,,,,0.0,50.0,none,,fail
146,GAO20220419t152826p0000,True,2022-04-19,,,,0.0,50.0,none,,fail
147,GAO20220923t162942p0000,True,2022-09-23,,,,0.0,50.0,none,,fail
147,GAO20220428t154635p0000,True,2022-04-28,,,,0.0,50.0,none,,fail
147,GAO20220422t150848p0000,True,2022-04-22,,,,0.0,50.0,none,,fail
147,GAO20220419t152826p0000,True,2022-04-19,,,,0.0,50.0,none,,fail
148,GAO20220923t162942p0000,True,2022-09-23,,,,0.0,50.0,none,,fail
148,GAO20220428t154635p0000,True,2022-04-28,,,,0.0,50.0,none,,fail
148,GAO20220422t150848p0000,True,2022-04-22,,,,0.0,50.0,none,,fail
148,GAO20220419t152826p0000,True,2022-04-19,,,,0.0,50.0,none,,fail
149,GAO20220923t164450p0000,True,2022-09-23,,,,0.0,50.0,none,,fail
149,GAO20220923t163623p0000,True,2022-09-23,,,,0.0,50.0,none,,fail
149,GAO20220428t160140p0000,True,2022-04-28,,,,0.0,50.0,none,,fail
149,GAO20220428t155431p0000,True,2022-04-28,,,,0.0,50.0,none,,fail
149,GAO20220422t153007p0000,True,2022-04-22,,,,0.0,50.0,none,,fail
149,GAO20220422t151917p0000,True,2022-04-22,,,,0.0,50.0,none,,fail
149,GAO20220419t155053p0000,True,2022-04-19,,,,0.0,50.0,none,,fail
149,GAO20220419t154146p0000,True,2022-04-19,,,,0.0,50.0,none,,fail
151,GAO20220923t163623p0000,True,2022-09-23,,,,0.0,50.0,none,,fail
151,GAO20220923t162942p0000,True,2022-09-23,,,,0.0,50.0,none,,fail
151,GAO20220428t155431p0000,True,2022-04-28,,,,0.0,50.0,none,,fail
151,GAO20220428t154635p0000,True,2022-04-28,,,,0.0,50.0,none,,fail
151,GAO20220422t151917p0000,True,2022-04-22,,,,0.0,50.0,none,,fail
151,GAO20220422t150848p0000,True,2022-04-22,,,,0.0,50.0,none,,fail
151,GAO20220419t152826p0000,True,2022-04-19,,,,0.0,50.0,none,,fail
152,GAO20220923t163623p0000,True,2022-09-23,,,,0.0,50.0,none,,fail
152,GAO20220923t162942p0000,True,2022-09-23,,,,0.0,50.0,none,,fail
152,GAO20220428t155431p0000,True,2022-04-28,,,,0.0,50.0,none,,fail
152,GAO20220428t154635p0000,True,2022-04-28,,,,0.0,50.0,none,,fail
152,GAO20220422t151917p0000,True,2022-04-22,,,,0.0,50.0,none,,fail
152,GAO20220422t150848p0000,True,2022-04-22,,,,0.0,50.0,none,,fail
152,GAO20220419t154146p0000,True,2022-04-19,,,,0.0,50.0,none,,fail
152,GAO20220419t152826p0000,True,2022-04-19,,,,0.0,50.0,none,,fail
153,GAO20220923t163623p0000,True,2022-09-23,,,,0.0,50.0,none,,fail
153,GAO20220923t162942p0000,True,2022-09-23,,,,0.0,50.0,none,,fail
153,GAO20220428t155431p0000,True,2022-04-28,,,,0.0,50.0,none,,fail
153,GAO20220428t154635p0000,True,2022-04-28,,,,0.0,50.0,none,,fail
153,GAO20220422t151917p0000,True,2022-04-22,,,,0.0,50.0,none,,fail
153,GAO20220422t150848p0000,True,2022-04-22,,,,0.0,50.0,none,,fail
153,GAO20220419t152826p0000,True,2022-04-19,,,,0.0,50.0,none,,fail
154,GAO20220923t165226p0000,True,2022-09-23,,,,0.0,50.0,none,,fail
154,GAO20220923t164450p0000,True,2022-09-23,,,,0.0,50.0,none,,fail
154,GAO20220428t160924p0000,True,2022-04-28,,,,0.0,50.0,none,,fail
154,GAO20220428t160140p0000,True,2022-04-28,,,,0.0,50.0,none,,fail
154,GAO20220423t172858p0000,True,2022-04-23,,,,0.0,50.0,none,,fail
154,GAO20220422t154027p0000,True,2022-04-22,,,,0.0,50.0,none,,fail
154,GAO20220419t160705p0000,True,2022-04-19,,,,0.0,50.0,none,,fail
154,GAO20220419t155053p0000,True,2022-04-19,,,,0.0,50.0,none,,fail
155,GAO20220923t165226p0000,True,2022-09-23,,,,0.0,50.0,none,,fail
155,GAO20220428t160924p0000,True,2022-04-28,,,,0.0,50.0,none,,fail
155,GAO20220423t172858p0000,True,2022-04-23,,,,0.0,50.0,none,,fail
155,GAO20220422t154027p0000,True,2022-04-22,,,,0.0,50.0,none,,fail
155,GAO20220419t160705p0000,True,2022-04-19,,,,0.0,50.0,none,,fail
156,GAO20220923t164450p0000,True,2022-09-23,,,,0.0,50.0,none,,fail
156,GAO20220428t160140p0000,True,2022-04-28,,,,0.0,50.0,none,,fail
156,GAO20220422t153007p0000,True,2022-04-22,,,,0.0,50.0,none,,fail
156,GAO20220419t155053p0000,True,2022-04-19,,,,0.0,50.0,none,,fail
157,GAO20220428t160140p0000,True,2022-04-28,,,,0.0,50.0,none,,fail
157,GAO20220422t153007p0000,True,2022-04-22,,,,0.0,50.0,none,,fail
157,GAO20220419t155053p0000,True,2022-04-19,,,,0.0,50.0,none,,fail
158,GAO20220923t164450p0000,True,2022-09-23,33.45735712,-87.14099788,GAO20220923t164450p0000-C,735.7008089602214,610.257052638793,,pass,pass
158,GAO20220428t160140p0000,True,2022-04-28,,,,0.0,50.0,none,,fail
158,GAO20220422t153007p0000,True,2022-04-22,,,,0.0,50.0,none,,fail
158,GAO20220419t155053p0000,True,2022-04-19,,,,0.0,50.0,none,,fail
159,GAO20220923t164450p0000,True,2022-09-23,,,,0.0,50.0,none,,fail
159,GAO20220923t163623p0000,True,2022-09-23,,,,0.0,50.0,none,,fail
159,GAO20220428t160140p0000,True,2022-04-28,,,,0.0,50.0,none,,fail
159,GAO20220428t155431p0000,True,2022-04-28,,,,0.0,50.0,none,,fail
159,GAO20220422t153007p0000,True,2022-04-22,,,,0.0,50.0,none,,fail
159,GAO20220419t155053p0000,True,2022-04-19,,,,0.0,50.0,none,,fail
159,GAO20220419t154146p0000,True,2022-04-19,,,,0.0,50.0,none,,fail
161,GAO20220923t174201p0000,True,2022-09-23,33.54414,-87.308289,GAO20220923t174201p0000-A,824.5795502694947,244.1582823340513,,pass,pass
161,GAO20220428t164817p0000,True,2022-04-28,,,,0.0,50.0,none,,fail
161,GAO20220422t165446p0000,True,2022-04-22,33.54399,-87.308298,GAO20220422t165446p0000-A,998.7905195403332,201.659342789667,,pass,pass
161,GAO20220422t164212p0000,True,2022-04-22,33.543988,-87.308238,GAO20220422t164212p0000-A,845.6745857634204,230.46965588257925,,pass,pass
161,GAO20220419t170408p0000,True,2022-04-19,,,,0.0,50.0,none,,fail
162,GAO20220923t175137p0000,True,2022-09-23,,,,0.0,50.0,none,,fail
162,GAO20220428t165558p0000,True,2022-04-28,,,,0.0,50.0,none,,fail
162,GAO20220422t170740p0000,True,2022-04-22,,,,0.0,50.0,none,,fail
162,GAO20220422t165446p0000,True,2022-04-22,,,,0.0,50.0,none,,fail
162,GAO20220419t171816p0000,True,2022-04-19,,,,0.0,50.0,none,,fail
189,ang20221014t182827,True,2022-10-14,37.25053288,-81.89830545,ang20221014t182827-B,1636.9036007281518,812.9890943419165,,pass,pass
190,ang20221014t185154,True,2022-10-14,37.233743,-81.850938,ang20221014t185154-B,7575.749963631855,1119.5844259151863,,pass,pass
192,ang20220929t175528,True,2022-09-29,37.174294,-81.879163,ang20220929t175528-A,4784.634692581202,1409.4620598778909,,pass,pass
193,ang20221014t185154,True,2022-10-14,,,,0.0,50.0,none,,fail
193,ang20220929t194238,True,2022-09-29,,,,0.0,50.0,none,,fail
195,ang20220929t182318,True,2022-09-29,,,,0.0,50.0,none,,fail
195,ang20220929t175528,True,2022-09-29,,,,0.0,50.0,none,,fail
196,ang20221014t185154,True,2022-10-14,,,,0.0,50.0,none,,fail
196,ang20220929t194238,True,2022-09-29,,,,0.0,50.0,none,,fail
196,ang20220929t180755,True,2022-09-29,,,,0.0,50.0,none,,fail
198,ang20220929t174215,True,2022-09-29,,,,0.0,50.0,none,,fail
200,ang20221014t165055,True,2022-10-14,37.551402,-82.410826,ang20221014t165055-A,1538.3583979446455,624.9271271385104,,pass,pass
200,ang20221014t164433,True,2022-10-14,,,,0.0,50.0,none,,fail
204,GAO20221020t202758p0000,True,2022-10-20,38.880552,-107.462574,GAO20221020t202758p0000-A,1416.9252635504038,245.82796847176616,,pass,pass
204,GAO20221019t205436p0000,True,2022-10-19,38.88061,-107.462533,GAO20221019t205436p0000-A,746.3918815051155,356.9667378344981,,pass,pass
204,GAO20221018t203814p0000,True,2022-10-18,38.880605,-107.462572,GAO20221018t203814p0000-A,1082.2310185570816,338.2385091738738,,pass,pass
204,GAO20200805t170114p0000,True,2020-08-05,38.880634,-107.462604,GAO20200805t170114p0000-A,1628.2372774029695,688.2127360478252,,pass,pass
204,GAO20200731t183752p0000,True,2020-07-31,38.880611,-107.462613,GAO20200731t183752p0000-A,1816.876314804568,754.5297164089495,,pass,pass
205,GAO20200731t174219p0000,True,2020-07-31,39.6827,-110.5453,GAO20200731t174219p0000-A,458.5208960162389,22.62714885186501,,pass,pass
207,ang20220502t170537,True,2022-05-02,36.792583,-108.388953,ang20220502t170537-A,1031.471971757849,98.07806524550874,,pass,pass
207,ang20220501t163231,True,2022-05-01,36.792667,-108.389029,ang20220501t163231-A,3209.683520238161,2152.6946239275826,,pass,pass
207,ang20220325t173925,True,2022-03-25,36.793308,-108.389105,ang20220325t173925-A,1104.5662271370786,472.14739309598303,,pass,pass
207,ang20220323t190401,True,2022-03-23,36.792945,-108.388937,ang20220323t190401-A,852.5452130593122,152.00487128996855,,pass,pass
207,ang20220323t184723,True,2022-03-23,36.792961,-108.389035,ang20220323t184723-A,836.3663097457048,161.91210474590503,,pass,pass
207,GAO20200804t171401p0000,True,2020-08-04,36.792565,-108.388968,GAO20200804t171401p0000-A,591.9894099960628,330.2060704307329,,pass,pass
207,ang20150420t181345,True,2015-04-20,,,,0.0,50.0,none,,fail
210,ang20221016t172356,True,2022-10-16,,,,0.0,50.0,none,,fail
210,ang20221011t160929,True,2022-10-11,,,,0.0,50.0,none,,fail
210,ang20221003t155912,True,2022-10-03,,,,0.0,50.0,none,,fail
211,ang20221024t174902,True,2022-10-24,,,,0.0,50.0,none,,fail
211,ang20221009t181144,True,2022-10-09,,,,0.0,50.0,none,,fail
211,GAO20210521t155242p0000,True,2021-05-21,,,,0.0,50.0,none,,fail
211,GAO20210515t144158p0000,True,2021-05-15,39.878195,-80.170593,GAO20210515t144158p0000-A,600.9759351801908,265.2992959287904,,pass,pass
211,GAO20210514t132657p0000,True,2021-05-14,39.8782,-80.1707,GAO20210514t132657p0000-1,150.50349961872303,99.4084730195568,,pass,pass
